[
    {
        "(3, 1)": [
            "да"
        ],
        "(0, 0)": [
            "ответь мне, только честно, да или нет, хорошо?"
        ],
        "(2, 0)": [
            "почему мужчины смеются над блондинками?"
        ],
        "(1, 1)": [
            "спрашивай"
        ],
        "url": "./bash/1"
    },
    {
        "(8, 0)": [
            "))))не поверишь, уже неделю ношу с собой несколько бон пари."
        ],
        "url": "./bash/1",
        "(4, 0)": [
            "он так смотрит, грит, зажигалкой то удобнее"
        ],
        "(2, 0)": [
            "короче стою сегодня курю около метро, после универа.ко мне подходит поцан и спрашивает спички. а я как раз утром из дома коробок прихватил. ну я ни слова не говорю, вытаскиваю из кармана, протягиваю."
        ],
        "(5, 0)": [
            "я опять же молча лезу в тот же карман и достаю крикет"
        ],
        "(7, 1)": [
            "тааак, я начинаю догадываться)"
        ],
        "(10, 1)": [
            "ппц, бедняга))"
        ],
        "(11, 0)": [
            "после этого я говорю ему \"ты потратил все три своих желания\", выкидываю сигарету, разворачиваюсь и ухожу"
        ],
        "(3, 1)": [
            "))"
        ],
        "(0, 0)": [
            "ппц, сижу ржу дома, не могу успокоиться))"
        ],
        "(9, 0)": [
            "я молча достаю из того же кармана леденец, он ошарашенно берет его, его глаза полны ужаса"
        ],
        "(1, 1)": [
            "чего там?"
        ],
        "(6, 0)": [
            "он прикуривает, отдает зажигалку, смотрит на меня секунд десять и говорит типо в шутку какой карман удивительный, все что не попросишь, все есть, небось и конфеты есть"
        ]
    },
    {
        "(3, 0)": [
            "честно?"
        ],
        "(7, 1)": [
            "Правда любишь?"
        ],
        "(8, 0)": [
            "да. очень."
        ],
        "(4, 1)": [
            "да)"
        ],
        "url": "./bash/0",
        "(9, 1)": [
            "Встречай, я сейчас приеду :-*"
        ],
        "(6, 0)": [
            "извини накипело =/"
        ],
        "(5, 0)": [
            "для начала я хотел бы пожрать! понимаешь? нормально пожрать а не жевать эти варено-жаренные пельмени с кетчупом! это экономно но не каждый же мать его день! потом мне надо перепаять 2 контакта и доделать сайт чтобы с тобой(!) сходить на выходных в ресторан, чтобы нормально там пожрать чтобы ты мне наконец дала! за 4 месяца то пора бы! я еще не говорю что все это мне надо голодному сделать за 1 ночь и завтра с утра когда ты в очередной раз скажешь \"опять сидел в своем инете\" я опять скажу что-то типа \"не волнуйся, я тебя люблю больше чем инет\"! и опять подумаю что хочу не бродить по магазинам а жрать и спать!"
        ],
        "(2, 1)": [
            ":\"> а чего ты сейчас хочешь?"
        ],
        "(0, 1)": [
            "***, а я спать лягу сейчас) мне одной так холодно))"
        ],
        "(1, 0)": [
            "угу, верю ..."
        ]
    }
]
